<xml xmlns="http://www.w3.org/1999/xhtml">
  <tab name="init" type="InitTab" active="false" scrollx="875" scrolly="431" scale="0.9"></tab>
  <tab name="main" type="MainTab" active="true" scrollx="924" scrolly="536" scale="0.9">
    <block xmlns="https://developers.google.com/blockly/xml" type="eventHTMLElem" id="G#I]*:!jduVYn!]DhDEY" x="-970" y="-430">
      <field name="EVENT">click</field>
      <field name="PARENT">TRUE</field>
      <value name="ID">
        <shadow type="text" id="#dWY41On;IV^;((C,$cS">
          <field name="TEXT">vr_button</field>
        </shadow>
      </value>
      <statement name="DO">
        <block type="checkVRMode" id="WZ2.ZM3mKg0]PG(v+lR;">
          <statement name="DO_AVAIL">
            <block type="enterVRMode" id="B{)x]K-TC=|q{IfR5Z3.">
              <field name="REF_SPACE">SITTING</field>
            </block>
          </statement>
          <statement name="DO_UNAVAIL">
            <block type="console.log" id="N5GoV+hEM|6#,51s9S,1">
              <value name="VALUE">
                <shadow type="text" id="QODhf/98c-DK4yOnnAcp">
                  <field name="TEXT">WebXR not enabled!</field>
                </shadow>
              </value>
            </block>
          </statement>
        </block>
      </statement>
    </block>
  </tab>
  <editorsettings viewport-x="1134" viewport-y="28" viewport-w="768" viewport-h="469" viewport-hidden="false" toolbox-library-mode="false" toolbox-minimized-mode="false"></editorsettings>
</xml>